name,type,abv
A Smith Bowman Sunset Hills Virginia Gin,Gin,
Aberfeldy 18 Years Pauillac Finish Single Malt,Scotch,
Aberfeldy 21 Years Highland Whisky,Whisky,
Aberlour 12 Year,Whisky,
Aberlour 16 Years Old,Whisky,
Aberlour Casg Annamh Highland Whisky,Whisky,
Absolut Citron Vodka,Vodka,
Absolut Elyx Vodka,Vodka,
Absolut Juice Pear & Elderflower,Vodka,
Absolut Juice Strawberry Vodka,Vodka,
Absolut Mandrin Vodka,Vodka,
Absolut Pears Vodka,Vodka,
Absolut Vanilla Vodka,Vodka,
Absolut Watermelon Vodka,Vodka,
Adictivo Plata Tequila,Tequila,
Afrohead 7 Years Old Rum,Rum,
After Dark Premium Grain Whisky,Whisky,
Agavales Premium Anejo Tequila,Tequila,
Alacran Reposado Tequila,Tequila,
Aldez Anejo Organic Tequila,Tequila,
Aldez Blanco Organic Tequila,Tequila,
Alipus Mezcal de San Juan del Rio,Mezcal,
All Points West Kill Van Kull Single Pot Still Rum,Rum,
Allspice Berries Liqueur Allspice Dram,Liqueur,
Amador Ten Barrel Hop Flavored Whiskey,Whiskey,
Amaretto Liqueur (Almond Flavored Liqueur),Liqueur,
Amaro Ciociaro Digestif Liqueur,Liqueur,
Amaro Nonino Quintessentia Digestif Liqueur,Liqueur,
Amass Copenhagen Vodka,Vodka,
Amass Los Angeles Dry Gin,Gin,
American Born Apple Pie Moonshine,Whiskey,
Amrut Naarangi Single Malt Whiskey,Whiskey,
Amrut Peated Cask Strength Single Malt Whisky,Whisky,
Amrut Portonova Single Malt Whiskey,Whiskey,
Amrut Single Malt,Whisky,
Amrut Two Indies Rum,Rum,
Ancho Reyes Verde,Liqueur,
Anchor Genevieve Genever Style Gin,Gin,
Ancient Age Kentucky Straight Bourbon Whiskey,Whiskey,
Anejo Mezcal,Mezcal,
Anejo Tequila,Tequila,
Angelisco Blanco Tequila,Tequila,
Angel's Envy Kentucky Bourbon,Bourbon,
Aperol,Liqueur,
Apple Brandy Calvados,Brandy,
Apple Brandy Calvados Pays d'Auge,Brandy,
Applejack Brandy,Brandy,
Apricot Flavored Brandy Eau de Vie,Brandy,
Ardbeg 10 Year Old Single Malt Scotch,Scotch,
Ardbeg 25 Year Old Scotch Whisky,Scotch,
Ardbeg Uigeadail Single Malt Scotch Whisky,Scotch,
Arran 18 Year Old Isle of Arran Single Malt Scotch Whisky,Scotch,
Arrow Triple Sec Liqueur,Liqueur,
Artenom 1146 Seleccion Anejo Tequila,Tequila,
Artenom 1579 Blanco Tequila,Tequila,
Asombroso La Rosa Reposado Pink,Tequila,
Auchentoshan Single Malt Scotch Whisky 12 Years Old,Scotch,
Auchentoshan Three Wood Single Malt Scotch Whisky,Scotch,
Avion Reposado Tequila,Tequila,
Avion Silver Tequila,Tequila,
Avua Amburana Cachaca Brazilian Rum,Rum,
Avua Balsamo Cachaca,Cachaca,
Azunia Black 2 Private Reserve Tequila,Tequila,
Azunia Organic Reposado Tequila,Tequila,
Bacardi Anejo Cuatro,Rum,
Bacardi Banana Rum,Rum,
Bacardi Black Rum,Rum,
Bacardi Coconut Rum,Rum,
Bacardi Dragon Berry Rum,Rum,
Bacardi Facundo Neo Silver Rum,Rum,
Bacardi Gold Rum,Rum,
Bacardi Lime Rum,Rum,
Bacardi Limon Rum,Rum,
Bacardi Mango Fusion Rum,Rum,
Bacardi Pineapple Fusion Rum,Rum,
Bacardi Raspberry Rum,Rum,
Bacardi Reserva 8 Year Rum,Rum,
Bacardi Reserva Limitada Rum,Rum,
Bacardi Superior Rum,Rum,
Bacardi Tropical Limited Edition,Rum,
Bacon Flavored Vodka,Vodka,
Baileys Apple Pie Irish Cream Liqueur,Liqueur,
Baileys Red Velvet Irish Cream,Liqueur,
Balcones Blue Corn Whiskey,Whiskey,
Balcones Lineage Texas Single Malt Whisky,Whisky,
Balcones True Blue 100 Proof Straight Corn Whisky,Whisky,
Balinoff Extra Premium Vodka,Vodka,
Ballantines 30 Year Old,Scotch,
Ballantine's Finest Blended Scotch Whisky,Scotch,
Ballantine's Finest Scotch Whisky,Scotch,
Ballsy (6 Pack Cans),Other,
Balvenie Single Barrel 12 Year,Scotch,
Banane du Bresil Liqueur,Liqueur,
Bank Note 5 Year Old Blended Scotch Whisky,Scotch,
Bank Note Blended Scotch 5 Years Old,Scotch,
Barbancourt Rhum 5 Star,Rum,
Barbancourt White Rhum,Rum,
Bardstown Bourbon Collaboration Series Phifer Pavitt Reserve,Bourbon,
Bardstown Bourbon Collaboration Series The Prisoner,Bourbon,
Bardstown Bourbon Company Fusion Series 2,Bourbon,
Bare Knuckle Bourbon Whiskey,Whiskey,
Barr An Uisce 1803 Single Malt Irish Whiskey 16 Years Old,Whiskey,
Barr Hill Gin,Gin,
Barr Hill Regular Gin,Gin,
Barr Hill Reserve Tomcat Gin,Gin,
Barr Hill Tom Cat Reserve Barrel Aged Gin,Gin,
Barrell Bourbon 5 Year Batch 013,Bourbon,
Barrell Bourbon Cask Strength Batch 023,Bourbon,
Barrell Bourbon Cask Strength Batch 20,Bourbon,
Barrell Bourbon Cask Strength Batch 26,Bourbon,
Barrell Craft Spirits Batch 25,Whiskey,
Barrell Rye Cask Strength Batch 003,Whiskey,
Barrell Single Barrel Bourbon,Bourbon,
Barrell Whiskey Private Release,Whiskey,
Barsol Primero Quebranta Pisco,Pisco,
Barton 1792 12 Year Old Kentucky Straight Bourbon,Bourbon,
Barton Vodka,Vodka,
Basil Hayden's Aged 10 Years Rye,Whiskey,
Basil Hayden's Kentucky Straight Bourbon Whiskey,Whiskey,
Bastille French Blended Whisky,Whisky,
Bastille French Single Malt,Whisky,
Battle Standard 142 Barrel Aged Gin,Gin,
Battle Standard 142 Regular Gin,Gin,
Baxter & Harry,Other,
Baxter & Harry Carolina Peach Whiskey,Whiskey,
Baxter & Harry Golden Honey Whiskey,Whiskey,
Bayo Anejo Tequila,Tequila,
Bayou Select Le Rum,Rum,
Beach Vodka,Vodka,
Beefeater 24 London Dry Gin,Gin,
Beefeater London Dry Gin,Gin,
Beefeater Pink Gin,Gin,
Belle Grove 1797 Whiskey,Whiskey,
Beluga Gold Line Russian Vodka,Vodka,
Beluga Noble Russian Vodka,Vodka,
Belvedere Ginger Zest Vodka,Gin,
Belvedere Heritage 176 Vodka,Vodka,
Belvedere Vodka,Vodka,
Belvedere Wild Berry Vodka,Vodka,
Benedictine D.O.M Liqueur,Liqueur,
Berkshire Mountain Bourbon Whiskey,Whiskey,
Berkshire Mountain Two Roads Cask Finished Bourbon Whiskey,Whiskey,
Bernheim Wheat Whiskey,Whiskey,
Big Gin London Dry Gin,Gin,
Bird Dog Blackberry Whiskey,Whiskey,
Bird Dog Salted Caramel Whiskey,Whiskey,
Black Bottle Original Scotch Blend,Gin,
Black Box Vodka,Vodka,
Black Bull 21 Year Blended Scotch Whisky,Scotch,
Black Button Bespoke Bourbon Cream Liqueur,Bourbon,
Black Cherry Flavored Rum,Rum,
Black Dirt 4 Year Bourbon Whiskey,Whiskey,
Black Dirt Straight Rye Whiskey,Whiskey,
Black Infusions Black Fig Vodka,Vodka,
Black Infusions Gold Apricot Vodka,Vodka,
Black Maple Hill Oregon Bourbon,Bourbon,
Black Maple Hill Oregon Rye Whiskey,Whiskey,
Black Saddle 12 Year Old Bourbon Whiskey,Whiskey,
Black Velvet Blended Canadian Whisky,Whisky,
Black Velvet Canadian Whisky,Whisky,
Blackberry Liqueur,Liqueur,
Blackheart Spiced Rum 93,Rum,
Blair Athol 25 Year Old Signatory Vintage Cask Strength Collection 1988,Scotch,
Blanco,Tequila,
Blanton's Single Barrel Bourbon,Bourbon,
Blended Irish Whiskey,Whiskey,
Blended Irish Whiskey 18 Year Old,Whiskey,
Blended Scotch Whisky,Scotch,
Blended Scotch Whisky 12 Year Old,Scotch,
Blended Scotch Whisky Finest Blend,Scotch,
Blended Scotch Whisky Llegal Smooth Mezcal Cask Finish 8 Year Old,Scotch,
Blended Scotch Whisky Scottish Gold,Scotch,
Blended Scotch Whisky White Label,Scotch,
Blind Squirrel Peanut Butter Whiskey,Whiskey,
Blood Oath Pact No. 3 Kentucky Straight Bourbon Whiskey,Whiskey,
Blood Sweat Tears Vodka,Vodka,
Blue Chair Bay Banana Rum,Rum,
Blue Chair Bay Banana Rum Cream Liqueur,Rum,
Blue Chair Bay Coconut Rum,Rum,
Blue Chair Bay White Rum,Rum,
Blue Spot Cask Strength Irish Whiskey,Whiskey,
Bluecoat American Dry Gin,Gin,
Bluecoat Barrel Finished Gin,Gin,
Bols Blue Curacao Liqueur,Liqueur,
Bols Genever Barrel Aged Gin,Gin,
Bombay Original London Dry Gin,Gin,
Bombay Sapphire Gin & Tonic,Gin,
Bombay Sapphire Gin & Tonic Light,Gin,
Boodles Rhubarb & Strawberry Gin,Gin,
Booker's 30th Anniversary Bourbon,Bourbon,
Booker's Kentucky Straight Bourbon Whiskey,Whiskey,
Boondocks 8 Year Old Bourbon Port Finish Whiskey,Whiskey,
Boondocks American Whiskey,Whiskey,
Booths Gin,Gin,
Boulaine Blue Curacao Liqueur,Liqueur,
Bounty Premium White Rum,Rum,
Bourbon Whiskey,Whiskey,
Bower Hill Barrel Strength Kentucky Straight Bourbon Whiskey,Whiskey,
Bower Hill Bourbon Special Edition 106,Bourbon,
Bower Hill Bourbon Special Edition Sherry Cask Finished,Bourbon,
Bowmore 15 Year Old Islay Scotch Whisky,Scotch,
Boyd & Blair Potato Vodka 151 Proof,Vodka,
Breaker Bourbon Whiskey,Whiskey,
Breckenridge Bourbon,Bourbon,
Breckenridge High Proof Bourbon,Bourbon,
Breckenridge Port Cask Bourbon,Bourbon,
Breckenridge Rum Cask Finish Bourbon Whiskey,Rum,
Brenne 10 Years French Single Malt,Whisky,
Brennivin Aquavit,Aquavit,
Bridge & Main American Wheat Bourbon Whiskey,Whiskey,
Brinley Shipwreck Spiced Rum,Rum,
Brockmans Gin,Gin,
Broker's London Dry Gin,Gin,
Brugal 1888 Ron Gran Reserva Dominican Republic Rum,Rum,
Brugal Anejo,Rum,
Brugal Anejo Rum,Rum,
Brugal XV Ron Reserva Rum,Rum,
Bruichladdich 11.1 Octomore Whiskey,Whiskey,
Bruichladdich Islay Barley 2011,Scotch,
Bruichladdich Islay Barley Rockside Farm Islay,Scotch,
Bruichladdich Port Charlotte 2010 Mrc 01,Scotch,
Bruichladdich Port Charlotte Heavily Peated Islay Barley,Scotch,
Bruichladdich Rare 1984 32 Years,Scotch,
Bruichladdich Signatory Unchilledfiltered Aged 22 Years,Scotch,
Brut - Sparkling Wine from France,Wine,
Buchanan's 15 Year Blended Malt Scotch,Scotch,
Buffalo Trace Bourbon,Bourbon,
Buffalo Trace Kentucky Straight Bourbon Whiskey,Whiskey,
Bulleit 95 Rye Whiskey,Whiskey,
Bulleit Barrel Strength Bourbon Whiskey,Whiskey,
Bulleit Bourbon,Bourbon,
Bulleit Frontier Bourbon Whiskey,Whiskey,
Bulleit Rye,Whiskey,
Bully Boy American Straight Whiskey,Whiskey,
Bulrush Gin,Gin,
Bumbu Rum,Rum,
Bunnahabhain 12-Year Islay Single Malt Scotch Whisky,Scotch,
Bunnahabhain 25 Years Old,Scotch,
Bunnahabhain Ceobanach Peated Whisky,Scotch,
Bunnahabhain Manzanilla Cask Matured,Scotch,
Burdeos Tequila,Tequila,
Burnetts Fruit Punch Vodka,Vodka,
Burnett's Gin,Gin,
Burnetts Peach Vodka,Vodka,
Bushel Organic Vodka,Vodka,
Bushmills 21 Years,Whiskey,
Bushmills Black Bush,Whiskey,
Bushmills Irish Whiskey,Whiskey,
Bushmills Original Irish Whiskey,Gin,
Bushmills Single Malt Irish Whiskey,Whiskey,
Bushmills Single Malt Whiskey 16 Years Old,Whiskey,
Butterscotch Flavored Schnapps,Scotch,
C. Ferrand Plantation Fijl Grand Terroir Vintage Edition Rum,Rum,
Cabin Still Bourbon,Bourbon,
Cabo Wabo Tequila Reposado,Tequila,
Cacamicos Blanco Teomil Alteo,Tequila,
Cacamicos Blanco Tequila,Tequila,
Cachaca,Cachaca,
Cadenhead's Old Rad 92 Proof Dry Gin,Gin,
Cake Flavored Vodka,Vodka,
Calico Jack Coconut Rum,Rum,
Calumet Farm Single Rack Black 14 Year Old Bourbon Whiskey,Whiskey,
Calyx 2015 Edition Gin,Gin,
Camarena Silver Tequila,Tequila,
Campari,Liqueur,
Canada House Rye,Whisky,
Canadian Club Regular,Whisky,
Canadian Club Reserve Blended Canadian Whisky Aged 9 Years,Whisky,
Canadian Club Rye Whisky,Whisky,
Canadian Mist,Whisky,
Cane Run Number 12 White Rum,Rum,
Canteen Black Cherry Vodka Soda 6 Pack Cans,Vodka,
Canteen Cucumber Mint Vodka Soda 6 Pack Cans,Vodka,
Canteen Grapefruit Vodka Soda 6 Pack Cans,Vodka,
Canteen Lime Vodka Soda 6 Pack Cans,Vodka,
Cappelletti,Liqueur,
Captain Morgan 100 Proof,Rum,
Captain Morgan 100 Proof Spiced Rum,Rum,
Captain Morgan Black Spiced Rum,Rum,
Captain Morgan Gingerbread Spiced Rum,Gin,
Captain Morgan Grapefruit Rum,Rum,
Captain Morgan Loconut Flavored Rum,Rum,
Captain Morgan Long Island Iced Tea,Rum,
Captain Morgan Parrot Bay Coconut 80 Proof Rum,Rum,
Captain Morgan Pineapple Rum,Rum,
Captain Morgan Silver Spiced Rum,Rum,
Captain Morgan Spiced Apple Rum,Rum,
Captain Morgan Spiced Rum,Rum,
Captain Morgan Vanilla Orange Twist,Rum,
Captain Morgan White Rum,Rum,
Cardhu 12 Years Single Malt Scotch Whisky,Scotch,
Cardhu Game of Thrones House Targaryen,Scotch,
Casa Dragones Anejo Tequila,Tequila,
Casa Dragones Blanco Tequila,Tequila,
Casa Dragones Joven Tequila,Tequila,
Casa Noble Anejo Tequila,Tequila,
Casamigos Anejo Tequila,Tequila,
Casamigos Blanco Tequila,Tequila,
Casamigos Tequila Anejo,Tequila,
Cask & Crew Double Oaked Straight Rye Whiskey,Whiskey,
Cask & Crew Ginger Spice Whiskey,Gin,
Cask & Crew Rye Blend Whiskey,Whiskey,
Cask & Crew Walnut Toffee Whiskey,Whiskey,
Cask and Crew Ginger Spice Whiskey,Gin,
Castillo Gold Rum,Rum,
Castillo White Rum,Rum,
Castle Long Reserve,Bourbon,
Catoctin Creek Roundstone Rye,Rye,
Catoctin Creek Roundstone Rye Cask Proof Whiskey,Whiskey,
Catoctin Creek Watershed Gin,Gin,
Catskill Most Righteous Bourbon Whiskey,Whiskey,
Catskill Mountain Peace Vodka,Vodka,
Cazadores Anejo Cristalino Tequila,Tequila,
Cazadores Anejo Tequila,Tequila,
Cazadores Extra Anejo Aged 3 Years,Tequila,
Cazadores Reposado Tequila,Tequila,
Cazadores Tequila Paloma,Tequila,
Cazadores Tequila Spicy Margarita Cocktail,Tequila,
Cedar Ridge Malted Rye,Rye,
Cedar Ridge Single Malt Whiskey,Whiskey,
Ceder's Crisp Gin,Gin,
Cenote Anejo Tequila,Tequila,
Cenote Blanco Tequila,Tequila,
Cenote Reposado Tequila,Tequila,
Centinela 3 Anos Tequila Anejo,Tequila,
Centinela Reposado Tequila,Tequila,
Chai Liqueur,Liqueur,
Chairman's Reserve Gold Rum St. Lucia,Rum,
Chambord Black Raspberry Liqueur,Liqueur,
Charbay Blood Orange Vodka,Vodka,
Charbay Release II Hop Flavored Whiskey,Whiskey,
Charbay Ruby Red Grapefruit Vodka,Vodka,
Charles Regnier Triple Sec Liqueur,Liqueur,
Charred Oak Bourbon,Bourbon,
Chartreuse Green Liqueur,Liqueur,
Chase Smoke Flavored Vodka,Vodka,
Cherry Brandy,Brandy,
Cherry Flavored Liqueur,Liqueur,
Cherry Flavored Moonshine,Whiskey,
Cherry Flavored Schnapps,Liqueur,
Cherry Flavored Vodka,Vodka,
Cherry Liqueur,Liqueur,
Cherry Noir Vodka,Vodka,
Chicago Regular Vodka,Vodka,
Chile (Spicy) Poblano Liqueur,Liqueur,
Chile Liqueur,Liqueur,
Chinaco Blanco,Tequila,
Chinaco Tequila Anejo,Tequila,
Chinola Passion Fruit Liqueur,Liqueur,
Chivas Regal 12 Year,Scotch,
Chivas Regal 12 Years,Scotch,
Chivas Regal 18 Year Old Blended Scotch Whisky,Scotch,
Chivas Regal 18 Year Old Scotch,Scotch,
Chivas Regal Extra Blended Scotch Whisky,Scotch,
Chivas Regal Mizunara,Scotch,
Chivas Regal Royal Salute 21 Year Old Blended Scotch Whisky,Scotch,
Chivas Regal Royal Salute 21 Year Old The Polo Estancia Edition Blended Scotch Whisky,Scotch,
Chivas Regal Royal Salute 38 Years,Scotch,
Chivas Regal Scotch,Scotch,
Chocolate Cream Liqueur,Liqueur,
Chocolate Liqueur,Liqueur,
Chopin Potato Vodka,Vodka,
Chopin Vodka,Vodka,
Chopin Wheat Vodka,Vodka,
Cimarron Blanco Tequila,Tequila,
Cimarron Reposado Tequila,Tequila,
Cincoro Anejo Tequila,Tequila,
Cincoro Blanco Tequila,Tequila,
Cincoro Extra Anejo Tequila,Tequila,
Cincoro Reposado Tequila,Tequila,
Cinnamon Flavored Moonshine,Whiskey,
Ciroc Apple Vodka,Vodka,
Ciroc Coconut Vodka,Vodka,
Ciroc French Vanilla Vodka,Vodka,
Ciroc Mango Flavored Vodka,Vodka,
Ciroc Mango Vodka,Vodka,
Ciroc Peach Vodka,Vodka,
Ciroc Pineapple Vodka,Vodka,
Ciroc Red Berry Vodka,Vodka,
Ciroc Regular Vodka,Vodka,
Ciroc Summer Citrus,Vodka,
Ciroc Summer Colada Flavored Vodka,Vodka,
Ciroc Summer Watermelon Vodka,Vodka,
Ciroc Vodka,Vodka,
Ciroc White Grape Vodka,Vodka,
Citadelle Gin,Gin,
Citadelle Reserve Oak Aged Gin,Gin,
Citrus Flavored Rum,Rum,
Citrus Flavored Vodka,Vodka,
Citrus Vodka,Vodka,
City of London Dry Gin,Gin,
Civic Vodka,Vodka,
Claddagh Distilling Company Irish Whiskey Cask No. 420,Whiskey,
Clairin Sajous,Rum,
Clairin Vaval,Rum,
Clairin Vaval Rhum Agricole,Rum,
Clase Azul Anejo Tequila,Tequila,
Clase Azul Reposado Tequila,Tequila,
Clear Creek Distillery McCarthy's Single Malt Whisky,Whisky,
Cleveland Black Reserve Bourbon Whiskey,Whiskey,
Cleveland Christmas Bourbon,Bourbon,
Cleveland Underground Bourbon Whiskey Finished with Apple Wood,Whiskey,
Cleveland Underground Sugar Maple Bourbon,Bourbon,
Cleveland Underground Uncommon Barrel Collection,Bourbon,
Clonakilty Minke Irish Gin,Gin,
Club Classic 12 Year Old Canadian Whisky,Whisky,
Clyde May's 11 Year Alabama Style Cask Strength Whiskey,Whiskey,
Clyde May's Alabama Style Whiskey,Whiskey,
Clyde May's Straight Bourbon Whiskey,Whiskey,
Clyne May's Rye Whiskey,Whiskey,
Clynelish 14 Year Highland Single Malt Scotch Whisky,Scotch,
Clynelish Game of Thrones House Tyrell,Scotch,
Coca Leaf Herbal Liqueur,Liqueur,
Cockspur Old Gold Reserve Rum,Rum,
Cockspur Over Proof Rum,Rum,
Coco Original Vodka,Gin,
Coconut Flavored Rum,Rum,
Coconut Flavored Tequila,Tequila,
Coconut Rum,Rum,
Codigo 1530 Anejo Tequila,Tequila,
Codigo 1530 Reposado Tequila,Tequila,
Codigo 1530 Rosa Blanco Tequila,Tequila,
Codigo 1530 Tequila Blanco,Tequila,
Coffee Flavored Brandy,Brandy,
Coffee Flavored Tequila,Tequila,
Coffee Gin,Gin,
Cognac - Orange Liqueur Blend,Cognac,
Cointreau Liqueur,Liqueur,
Cold River Blueberry Vodka,Vodka,
Cold River Regular Vodka,Vodka,
"Colonel E.H. Taylor, Jr. Barrel Proof Bourbon",Bourbon,
Combier Pamplemousse,Liqueur,
Compass Box Flaming Heart 6th Edition 2018,Scotch,
Compass Box Flaming Heart Limited Edition,Scotch,
Compass Box Great King Street Artist's Blend,Scotch,
Compass Box Hedonism Limited Release,Scotch,
Compass Box Juveniles Le Whisky,Scotch,
Compass Box Le No Name Whisky,Scotch,
Compass Box Magic Cask Blended Malt Scotch Whisky,Scotch,
Compass Box No Name No. 2 Blended Malt Scotch Whisky,Scotch,
Compass Box Peat Monster Arcana Scotch Whisky,Scotch,
Compass Box Rogues Banquet Blended Scotch Whisky,Scotch,
Compass Box The Lost Blend Limited Edition,Scotch,
Compass Box The Peat Monster,Scotch,
Compass Box The Spice Tree,Scotch,
Compass Box The Story of the Spaniard,Scotch,
Compass Box This Is Not a Luxury Whisky,Scotch,
Conncullin Irish Gin,Gin,
Connemara Peated,Whiskey,
Conniption Navy Strength Gin,Gin,
Cooper's Mark Bourbon Whiskey,Whiskey,
Cooper's Mark Peach Flavored Bourbon Whiskey,Whiskey,
Copper Dog Speyside Blended Malt Scotch Whisky,Scotch,
Copper Fox Rye Whiskey by Wasmunds,Whiskey,
Copper Fox Wasmunds Rye Spirit,Rye,
Corazon Anejo Tequila,Tequila,
Corazon Expresiones Blanco Tequila,Tequila,
Corazon Expressions Sazerac Rye Anejo Tequila,Tequila,
Corazon Reposado Tequila,Tequila,
Corner Creek 10 Years Reserve Bourbon,Bourbon,
"Corralejo 90,000 Horas Anejo Tequila",Tequila,
Corralejo Anejo,Tequila,
Corralejo Blanco Tequila,Tequila,
Corralejo Reposado Tequila,Tequila,
Corraleuo Tequila Silver,Tequila,
Corsair Barrel Aged Gin,Gin,
Corsair Gin,Gin,
Corsair Triple Smoke American Single Malt Whiskey,Whiskey,
Corzo Anejo,Tequila,
Corzo Silver Tequila,Tequila,
Corzo Tequila Anejo,Tequila,
Cotswolds Dry Gin,Gin,
Cotton & Reed Dry Spiced Rum,Rum,
Crabbie's Yardhead' Single Malt Scotch Whiskey,Scotch,
Cragganmore 12 Years Speyside Malt,Whisky,
Cragganmore 2008 De Speyside Malt,Whisky,
Cragganmore De Speyside Malt,Whisky,
Cragganmore De Speyside Malt 2008,Whisky,
Craigellachie 13 Year Old Single Malt Scotch Whisky,Scotch,
Craigellachie 23 Years Old,Scotch,
Cranberry Juice Cocktail,Other,
Crème Anglaise,Liqueur,
Creme de Cacao,Liqueur,
Creme de Cacao Dark,Liqueur,
Crème de Cacao Dark,Liqueur,
Creme de Cacao White,Liqueur,
Crème de Cassis (Blackcurrant) Liqueur,Liqueur,
Creme de Cassis Blackcurrant Liqueur,Liqueur,
Creme de Fraise Strawberry Liqueur,Liqueur,
Creme de Menthe Dried Peppermint Liqueur,Liqueur,
Creme de Noyaux,Liqueur,
Cristalino Tequila,Tequila,
Crop Harvest Spiced Pumpkin Vodka,Vodka,
Crown Royal Apple,Whisky,
Crown Royal Black Blended Canadian Whisky,Whisky,
Crown Royal Black Canadian Whisky,Whisky,
Crown Royal Blenders Mash,Whisky,
Crown Royal Canadian Whisky,Whisky,
Crown Royal Northern Harvest Rye,Whisky,
Crown Royal Peach Canadian Whiskey,Whiskey,
Crown Royal Regal Apple,Whisky,
Crown Royal Regular,Whisky,
Crown Royal Reserve Blended Whisky,Whisky,
Crown Royal Reserve Canadian Whisky,Whisky,
Crown Royal Vanilla,Whisky,
Crown Royal Vanilla Whisky,Whisky,
Cruz Del Sol Silver Rainbow Bottle,Tequila,
Cruzan Aged Dark Rum,Rum,
Cruzan Aged Light,Rum,
Cruzan Banana Rum,Rum,
Crystal Head Blue Agave Vodka,Vodka,
Crystal Head Vodka with Shot Glass,Vodka,
Crystal Palace Gin,Gin,
Cuesta Mesa Gold Tequila,Tequila,
Cupcake Devil's Food Chocolate Vodka,Vodka,
Cutty Sark,Scotch,
Cutty Sark Prohibition Edition,Scotch,
Cutwater Fugu Vodka Soda Grapefruit,Vodka,
Cutwater Lime Tequila Soda,Tequila,
Cutwater Spirits Grapefruit Tequila Paloma,Tequila,
Cutwater Tequila Paloma,Tequila,
Cutwater White Russian,Liqueur,
Cylinder Vodka,Vodka,
Cynar Artichoke Liqueur,Liqueur,
Cyrus Noble Small Batch Bourbon,Bourbon,
Cytrynowka Weselna Vodka,Vodka,
Dahlia Cristalino Tequila,Tequila,
Dalwhinnie Distillers Edition,Scotch,
Dano's Dangerous Anejo Tequila,Tequila,
Dano's Dangerous Tequila Reposado,Tequila,
Deadwood Straight Bourbon Whiskey,Whiskey,
Deanston 18 Year Old Highland Single Malt Scotch,Scotch,
Deep Eddy Lemon Vodka,Vodka,
Deep Eddy Peach Vodka,Vodka,
Deep Eddy Sweet Tea Flavored Vodka,Vodka,
Deep Eddy Sweet Tea Vodka,Vodka,
Deep Eddy Texas Straight Vodka,Vodka,
Deep Eddy Vodka,Vodka,
Deep Eddy Vodka Ruby Red,Vodka,
Dekuyper Creme de Bananes,Liqueur,
Dekuyper Pucker Cherry Schnapps,Liqueur,
Dekuyper Pucker Sour Apple Schnapps Liqueur,Liqueur,
Dekuyper Triple Sec Liqueur,Liqueur,
Del Bac Distiller's Cut American Whiskey,Whiskey,
Del Maguey Iberico Mezcal,Mezcal,
Del Maguey Santo Domingo Albarradas Mezcal,Mezcal,
Deleon Anejo Tequila,Tequila,
Deleon Extra Anejo Tequila,Tequila,
Delirio Joven Mezcal,Mezcal,
Devil's Reef Black Spiced Rum,Rum,
Dewar's Ilegal Smooth Mezcal Cask Finish Blended Scotch Whiskey,Scotch,
Dewar's White Label Scotch,Scotch,
Dictador 20 Years Aged Rum,Rum,
Dillon's Cherry Gin Liqueur,Gin,
Dinastia Real Tequila Extra Anejo Ceramic,Tequila,
Dingle Gin Pot Still,Gin,
Diplomatico Ambassador Venezuela,Rum,
Diplomatico Distillery Collection Batch Kettle Rum,Rum,
Disaronno Amaretto Liqueur,Liqueur,
Dog Fish Head Analog Vodka,Vodka,
Dogfish Head Blueberry Shrub Vodka Soda,Vodka,
Don Ciccio & Figli Cerasum Liqueur,Liqueur,
Don Julio Reposado Tequila,Tequila,
Don Julio Ultima Reserva Extra Anejo,Tequila,
Don Mateo Pura Vida Reposado,Tequila,
Don Pancho Reserva Aged 8 Years,Rum,
Don Q Coco Coconut Flavored Rum,Rum,
Don Q Gran Anejo Rum,Rum,
Don Q Limon Rum,Rum,
Don Q Passion Fruit Rum,Rum,
Don Roberto Blanco Silver,Tequila,
Dos Hombres Joven Mezcal,Mezcal,
Dos Maya Artisanal Colombia Rum Gold,Rum,
Douglas & Todd Small Batch Bourbon,Bourbon,
Dr. Stoner's Smoky Herb Whiskey,Whiskey,
Drinkworks Top Shelf Collection Herradura Margarita Pods,Other,
Drumshanbo Gunpowder Irish Gin,Gin,
Dry Curacao Liqueur,Liqueur,
Dry French Vermouth,Vermouth,
Dry Sherry Wine,Wine,
Dry Vermouth,Vermouth,
Dubouchett Triple Sec Liqueur,Liqueur,
Duke Small Batch Kentucky Straight Bourbon,Bourbon,
Duncan Taylor The Big Smoke Islay Blended Scotch Whisky,Scotch,
Few American Gin,Gin,
Few Flaming Lips Brainville Rye Whiskey,Whiskey,
Few Rye Whiskey,Whiskey,
Few Spirits Immortal Rye Whiskey,Whiskey,
Fifth State Asylum Cinnamon Zap Vodka,Vodka,
Fighting 69th Irish Whiskey,Whiskey,
Filibuster Dual Cask Bourbon,Bourbon,
Filibuster Gin Baba,Gin,
Filibuster Rye Whiskey,Whiskey,
Finlandia Regular Vodka,Vodka,
Fino Dry Sherry Wine,Wine,
Fireball Cinnamon Whiskey,Whiskey,
Fistful of Bourbon,Bourbon,
Five Vodka,Vodka,
Flavored Whiskey,Whiskey,
Flor de Cana 4 Year Gold Rum,Rum,
Four Pillars Bloody Shiraz Gin,Gin,
Four Roses Bourbon,Bourbon,
Four Roses Bourbon Single Barrel,Bourbon,
Four Roses Bourbon Whiskey,Whiskey,
Foursquare Nobiliary Single Blended Rum,Rum,
Foursquare Redoutable Single Blended Rum,Rum,
Foursquare Sagacity Single Blended Rum,Rum,
Foursquare Single Blended Rum 12 Year 2007,Rum,
Foursquare Single Blended Rum 2008,Rum,
Frangelico Hazelnut Liqueur,Liqueur,
Frankly Organic Apple Vodka,Vodka,
Frankly Organic Original Vodka,Gin,
Fruit Juices Vodka Cognac Liqueur Blend,Vodka,
Fruity Liqueur,Liqueur,
Fuenteseca 7 Year Extra Anejo Tequila,Tequila,
Full Bar Blanco Tequila,Tequila,
Full Bar Caribbean Rum,Rum,
Full Bar Premium Vodka,Vodka,
Fuyu Small Batch Japanese Whisky,Whisky,
G4 Anejo Tequila,Tequila,
Galliano L'Autentico Liqueur,Liqueur,
Garrison Brothers Honeydew Bourbon Whiskey,Whiskey,
Garrison Brothers Single Barrel Wine House Select Full Proof,Wine,
Garrison Brothers Texas Bourbon 2015,Bourbon,
Gentleman Jack by Jack Daniels,Whiskey,
Gentleman Jack Tennessee Whiskey,Whiskey,
George Dickel 9 Year Single Barrel Select,Whiskey,
George Dickel Bottled in Bond Whisky,Whiskey,
George Dickel No. 12,Whiskey,
George Dickel Rye Whisky,Rye,
George Dickel Superior No. 12 Whiskey,Whiskey,
George Dickel Tabasco Barrel Finish Whiskey,Whiskey,
George Remus Bourbon,Bourbon,
George Remus Repeal Reserve Series III,Bourbon,
Ghost Tree Apple Pie Moonshine,Whiskey,
Glen Grant 18 Years,Scotch,
Glen Moray 25 Years Port Cask Whisky,Scotch,
Glen Scotia Double Cask Single Malt Scotch,Scotch,
Glen Spey,Scotch,
Glenallachie 10 Year Old Cask Strength Whisky,Scotch,
Glenallachie 18 Year Old Single Malt Scotch Whisky,Scotch,
Glenallachie 25 Year Old Speyside Single Malt Scotch Whisky,Scotch,
Glendalough 13 Year Mizunara Cask Single Malt,Whiskey,
Glendalough 25 Year Irish Oak Single Malt,Whiskey,
Glendalough Poitin Mountain Strength Poitin,Poitin,
Glendalough Poitin Potcheen,Poitin,
Glendronach 12 Year Old Highland Single Malt Scotch,Scotch,
Glendronach 21 Year Scotch Whiskey,Scotch,
Glendronach Port Wood Highland Single Malt Scotch Whisky,Scotch,
Glenfarclas 10 Year Old Highland Single Malt Scotch,Scotch,
Glenfarclas 105 Cask Strength Single Malt Scotch Whisky,Scotch,
Glenfarclas 12 Years Old Highland Single Malt Scotch Whisky,Scotch,
Glenfarclas 25 Years Old,Scotch,
Glenfiddich 12 Year Single Malt Scotch Whisky,Scotch,
Glenfiddich 12 Years Highland Whisky,Scotch,
Glenfiddich 19 Years Highland Whisky,Scotch,
Glenfiddich 21 Year Old Gran Reserva Rum Cask Finish,Rum,
Glenfiddich 26 Years Old,Scotch,
Glenfiddich Fire and Cane Blended Scotch,Scotch,
Glenfiddich IPA Cask,Scotch,
Glenfiddich Scotch Single Malt 12 Year Old,Scotch,
Glenglassaugh Evolution Single Malt Scotch Whisky,Scotch,
Glenglassaugh Revival Single Malt Scotch,Scotch,
Glengoyne 12 Years Highland Whisky,Scotch,
Glengoyne 18 Years Old,Scotch,
Glenkinchie 12 Years,Scotch,
Glenkinchie 24 Years,Scotch,
Glenkinchie DE,Scotch,
Glenlivet 12 Year Single Malt Scotch,Scotch,
Glenlivet 14 Year Cognac Cask Single Malt Scotch,Scotch,
Glenlivet 15 Year Single Malt Scotch,Scotch,
Glenlivet 25 Years Old XXV,Scotch,
Glenlivet Founder's Reserve Single Malt Scotch,Scotch,
Glenmorangie A Tale of Cake Single Malt Scotch Whisky,Scotch,
Glenmorangie Bond House No. 1 1991,Scotch,
Glenmorangie Original 10 Year Old Single Malt Scotch Whisky,Gin,
Glenmorangie Quinta Ruban Port Cask Aged 14 Year Old Highland Scotch,Scotch,
Glenmorangie Spìos Rye Cask,Scotch,
Glenmorangie 'Tusail' Private Edition Single Malt Scotch Whisky,Scotch,
Glenmorangie X Single Malt Scotch Whisky,Scotch,
Glenrothes 10 Year Single Malt Scotch,Scotch,
Glernglassaugh Peated,Scotch,
Goldschlager Cinnamon Schnapps Liqueur,Liqueur,
Gordon & MacPhail Macallan 56 Years Old 1950,Scotch,
Goslings Black Seal,Rum,
Goslings Dark 'n Stormy 4 Pack Cans,Rum,
Goslings Rum Black Seal,Rum,
Gozio Amaretto Liqueur,Liqueur,
Grace O'Malley Blended Irish Whiskey,Whiskey,
Gran Centenario Plata Silver Tequila,Tequila,
Gran Centenario Reposado,Tequila,
Gran Lusso Italian Vermouth,Vermouth,
Gran Orendain Reposado,Tequila,
Gran Patron Platinum,Tequila,
Gran Patron Platinum Tequila,Tequila,
Gran Patron Smoky Silver Tequila,Tequila,
Gran Reserva Diez Rum,Rum,
Gran Reserva Maestro de Ron Rum,Rum,
Grand Macnish 150 Anniversary Edition Blended Scotch Whisky,Scotch,
Grand Marnier Cordon Rouge,Liqueur,
Grand Mayan Ultra Aged Tequila,Tequila,
Grand Old Parr 12 Years,Scotch,
Graves Grain Alcohol,Other,
Great King Street The Glasgow Blend Blended Scotch,Scotch,
Green Apple Flavored Vodka,Vodka,
Green Hat Summer Cup,Other,
Green Mark Russian Vodka,Vodka,
Green Spot Chateau Montelena Zinfandel Cask Irish Whiskey,Whiskey,
Green Spot Single Pot Still Irish Whiskey,Whiskey,
Greenhook Ginsmiths Beach Plum Gin Liqueur,Gin,
Greenhook Old Tom,Gin,
Grey Goose Cherry Noir,Vodka,
Grey Goose La Melon Vodka,Vodka,
Grey Goose La Poire Vodka,Vodka,
Grey Goose Le Citron Vodka,Vodka,
Grey Goose Regular Vodka,Vodka,
Grey Goose Vodka,Vodka,
Grind Espresso Shot,Liqueur,
Guinness Stout Beer,Beer,
Hangar 1 Buddha's Hand Citron Vodka,Vodka,
Hangar 1 Vodka,Vodka,
Hapusa Himalayan Dry Gin,Gin,
Hayman Royal Dock Gin,Gin,
Hazelburn Oloroso Cask Matured Aged 13 Years,Scotch,
Heaven's Door Double Barrel Whiskey,Whiskey,
Heaven's Door Trilogy Collection Gift Pack,Bourbon,
Heering Cherry Liqueur,Liqueur,
Hendrick's Gin,Gin,
Herbal Liqueur,Liqueur,
Herbesco Pepper Vodka,Vodka,
Herradura Anejo Tequila,Tequila,
Herradura Reposado Tequila,Tequila,
Herradura Ultra Anejo Tequila,Tequila,
Hiatus Blanco Tequila,Tequila,
Hiatus Reposado,Tequila,
High Noon Grapefruit Vodka & Soda,Vodka,
High West 51 State Le PX Sherry Double Rye,Rye,
High West American Prairie Reserve Whiskey,Whiskey,
High West Barreled Manhattan,Other,
High West Double Rye Whiskey,Whiskey,
High West Rendezvous Rye Whiskey,Whiskey,
High West Whiskey American Prairie Bourbon,Whiskey,
High West Whiskey Double Rye!,Whiskey,
Highland Park 12 Year Old Single Malt,Scotch,
Highland Park 1968,Scotch,
Highland Park 1971,Scotch,
Highland Park 30 Year Old Single Malt,Scotch,
Highland Park 40 Year Old,Scotch,
Highland Park Freya,Scotch,
Highland Park Ice Edition 17 Year Old,Scotch,
Highland Park Magnus,Scotch,
Highland Park The Light 17 Years,Scotch,
Highwest Campfire,Whiskey,
Highwest Rendezvous Rye Whiskey,Whiskey,
Highwest Silver Oat Whiskey,Whiskey,
Hijos de Villa Revolver Blanco Tequila,Tequila,
Hillrock Double Cask Rye Whiskey,Whiskey,
Hillrock Estate Distillery Single Malt Whiskey,Whiskey,
Hillrock Single Malt Whiskey,Whiskey,
Hiram Walker Creme de Cacao Dark Liqueur,Liqueur,
Hiram Walker Creme de Cacao White Liqueur,Liqueur,
Holla Vodka SweetFire Jalapeno,Vodka,
Honeoye Falls Distillery Devil's Bathtub Barrel Rested Gin,Gin,
Hornitos Anejo Tequila,Tequila,
Hornitos Black Barrel,Tequila,
Hornitos Lime Shot Tequila,Tequila,
Hornitos Mango Tequila Seltzer,Tequila,
Hornitos Reposado Tequila,Tequila,
Hudson Maple Cask Rye Whiskey,Whiskey,
Hudson Whiskey Bright Lights Big Bourbon,Whiskey,
Hunt & Gather 15 Year Barrel Proof Bourbon Whiskey,Whiskey,
Ilegal Mezcal Anejo,Mezcal,
Imperia Vodka,Vodka,
Imperial Blended American Whiskey,Whiskey,
Infused Tequila,Tequila,
Infused Vodka,Vodka,
Inver House Green Plaid Blended Scotch Whisky,Scotch,
Isle of Jura 7 Wood Single Malt Scotch,Scotch,
Isle of Skye 8 Year Old Blended Scotch Whisky,Scotch,
J&B Justerini & Brooks,Scotch,
J. Rieger Kansas City Whiskey,Whiskey,
J.H. Cutter American Whiskey,Whiskey,
J.P. Wiser's Rye,Whisky,
J.P. Wiser's Spiced Vanilla,Whisky,
Jack Daniel's Eric Church Single Barrel,Whiskey,
Jack Daniel's Fire Bourbon,Bourbon,
Jack Daniel's Old No. 7 Legacy Edition 2,Whiskey,
Jack Daniel's Old No. 7 Tennessee Whiskey,Whiskey,
Jack Daniels Regular,Whiskey,
Jack Daniel's Sinatra,Whiskey,
Jack Daniels Single Barrel,Whiskey,
Jack Daniel's Single Barrel Barrel Proof Whiskey,Whiskey,
Jack Daniel's Single Barrel Proof,Whiskey,
Jack Daniel's Single Barrel Tennessee Rye,Whiskey,
Jack Daniel's Tennessee Apple,Whiskey,
Jack Daniel's Tennessee Apple Whiskey,Whiskey,
Jack Daniel's Tennessee Fire Flavored Whiskey,Whiskey,
Jack Daniel's Tennessee Fire Whiskey,Whiskey,
Jack Daniel's Tennessee Honey,Whiskey,
Jack Daniel's Tennessee Rye,Whiskey,
Jack Daniel's Winter Jack Tennessee Cider,Whiskey,
Jacob's Pardon 8 Years American Whiskey Small Batch,Whiskey,
Jacquins Triple Sec Liqueur,Liqueur,
Jagermeister,Liqueur,
Jägermeister,Liqueur,
Jagermeister (1.75L),Liqueur,
Jagermeister Herbal Liqueur,Liqueur,
Jagermeister Spiced Herbal Liqueur,Liqueur,
Jaisalmer Indian Craft Gin,Gin,
Jaja Anejo Tequila,Tequila,
Jaja Blanco Tequila,Tequila,
Jaja Reposado Tequila,Tequila,
Jalapeño-Infused Tequila,Tequila,
Jamaican Rum,Rum,
James E. Pepper 1776 Sherry Cask Straight Rye,Rye,
James E. Pepper Bourbon,Bourbon,
"James Eadie's Trade Mark ""X"" Whisky",Scotch,
Jameson 18 Year Irish Whiskey,Whiskey,
Jameson Black Barrel,Whiskey,
Jameson Black Barrel Whiskey,Whiskey,
Jameson Blender's Dog,Whiskey,
Jameson Caskmates IPA Edition,Whiskey,
Jameson Caskmates IPA Irish Whiskey,Whiskey,
Jameson Caskmates Stout Edition,Whiskey,
Jameson Cold Brew Coffee and Irish Whiskey,Whiskey,
Jameson Cooper's Croze Irish Whiskey,Whiskey,
Jameson Distiller's Safe Irish Whiskey,Whiskey,
Jameson Irish Whiskey,Whiskey,
Jameson Regular,Whiskey,
Jefferson's Chef's Collaboration Bourbon,Bourbon,
Jefferson's Grand Selection Chateau Pichon Baron Cask,Bourbon,
Jefferson's Ocean Bourbon Cask Strength,Bourbon,
Jefferson's Ocean: Aged at Sea Voyage No.19 Special,Bourbon,
Jefferson's Reserve Old Rum Cask Bourbon,Rum,
Jefferson's Reserve Pritchard Hill Bourbon,Bourbon,
Jefferson's Reserve Small Batch Bourbon,Bourbon,
Jefferson's Reserve Suduiraut Sauternes Cask Bourbon,Bourbon,
Jefferson's Reserve Twin Oak Custom Barrel Bourbon,Bourbon,
Jefferson's Rye Cognac Cask Finish,Bourbon,
Jefferson's Small Batch Bourbon,Bourbon,
Jeppson's Bourbon,Bourbon,
Jewel of Russia Berry Fusion (1L),Vodka,
Jewel of Russia Ultra (1L),Vodka,
Jewel of Russia Ultra Painted (1L),Vodka,
Jim Beam Apple Bourbon,Bourbon,
Jim Beam Apple Bourbon Whiskey,Whiskey,
Jim Beam Black Double Aged,Bourbon,
Jim Beam Bonded Bourbon Whiskey,Whiskey,
Jim Beam Bourbon,Bourbon,
Jim Beam Bourbon Whiskey,Whiskey,
Jim Beam Bourbon White Label Kentucky Straight Bourbon Whiskey,Whiskey,
Jim Beam Devil's Cut Bourbon Whiskey,Whiskey,
Jim Beam Distiller's Cut 100 Proof Bourbon,Bourbon,
Jim Beam Double Oaked Bourbon,Bourbon,
Jim Beam Fire,Bourbon,
Jim Beam Orange,Bourbon,
Jim Beam Peach Liqueur Bourbon,Bourbon,
Jim Beam Red Stag Black Cherry Bourbon,Bourbon,
Jim Beam Rye 90 Proof,Bourbon,
Jim Beam Signature Craft 11 Years Bourbon,Bourbon,
Jim Beam Single Barrel Bourbon,Bourbon,
Jim Beam Vanilla Bourbon,Bourbon,
Jim Rutledge Cream of Kentucky Bourbon,Bourbon,
Joe Got a Gun Single Barrel Whisky,Whisky,
Joe Got a Gun Small Batch Whiskey,Whiskey,
John E Fitzgerald Larceny Barrel Proof Bourbon,Bourbon,
John E. Fitzgerald Larceny Bourbon,Bourbon,
John Myer Four Grain Whiskey,Whiskey,
Johnnie Walker Aged 18 Years Blended Scotch,Scotch,
Johnnie Walker Black Label,Scotch,
Johnnie Walker Black Label 12 Year Old Blended Scotch Whisky,Scotch,
Johnnie Walker Blenders' Batch Wine Cask Finish Scotch,Scotch,
Johnnie Walker Blue King George V,Scotch,
Johnnie Walker Blue Label (1.75L),Scotch,
Johnnie Walker Blue Label Ghost & Rare Glenury Royal,Scotch,
Johnnie Walker Blue Label Ghost & Rare Le,Scotch,
Johnnie Walker Blue Label Ghost & Rare Port Ellen,Scotch,
Johnnie Walker Blue Label Legendary Eight,Scotch,
Johnnie Walker Blue Label Pen Gift Set,Scotch,
Johnnie Walker Blue Label The Casks Edition,Scotch,
Johnnie Walker Celebratory Blend,Scotch,
Johnnie Walker Collection,Scotch,
Johnnie Walker Game of Thrones Song of Fire,Scotch,
Johnnie Walker John Walker Bicentenary 28 Year Old Blended Scotch Whisky,Scotch,
Johnnie Walker Red Label,Scotch,
Johnnie Walker Red Whiskey,Whiskey,
Johnnie Walker White Walker,Scotch,
Johnny Drum Private Stock 101 Proof,Rum,
Jos. A. Magnus & Co. Vigilant Gin,Gin,
Jos. A. Magnus & Co. Vigilant Navy Strength Gin,Gin,
Jose Cuervo Authentic Berry Punch Margarita,Other,
Jose Cuervo Authentic Classic Lime Margarita,Other,
Jose Cuervo Authentic Grapefruit Tangerine Margarita,Other,
Jose Cuervo Authentic Raspberry Margarita,Other,
Jose Cuervo Authentic Watermelon Margarita,Other,
Jose Cuervo Authentic White Peach Margarita,Other,
Jose Cuervo Classic Margarita Mix Non-Alc,Other,
Jose Cuervo Especial Gold Tequila,Tequila,
Jose Cuervo Especial Silver Tequila,Tequila,
Jose Cuervo Expecial Silver Tequila,Tequila,
Jose Cuervo Gold Tequila,Tequila,
Jose Cuervo Platino Reserva de la Familia Tequila,Tequila,
Jose Cuervo Reserva de la Familia Extra Anejo Tequila,Tequila,
Jose Cuervo Reserva de la Familia Reposado,Tequila,
Jose Cuervo Silver Especial,Tequila,
Jose Cuervo Silver Tequila,Tequila,
Jose Cuervo Strawberry Lime Margarita,Other,
Jose Cuervo Tequila Tradicional,Tequila,
Jose Cuervo Tradicional Anejo,Tequila,
Jose Cuervo Tradicional Cristalino Tequila,Tequila,
Jose Cuervo Tradicional Plata Tequila,Tequila,
Jose Cuervo Tradicional Reposado Tequila,Tequila,
Joseph Magnus Murray Hill Club #3 Bourbon,Bourbon,
Joseph Magnus Regular Bourbon,Bourbon,
Joven Mezcal,Mezcal,
Joven Tequila,Tequila,
JR Revelry Small Batch Bourbon,Bourbon,
Juarez Silver Tequila (1L),Tequila,
Juarez Triple Sec Liqueur (1L),Liqueur,
Junior Johnson Midnight Moon Blueberry,Whiskey,
Junipero Gin,Gin,
Jura 12 Year Old Single Malt Scotch,Scotch,
Jura Journey Single Malt Scotch Whisky,Scotch,
Macallan Classic Cut 2017 Edition Highland Single Malt Scotch,Scotch,
Mackinlay's Shackleton Blended Malt Scotch Whisky,Scotch,
Maestro Dobel Silver Tequila,Tequila,
Magellan Iris Flavored Gin,Gin,
Magnus Royal Seal Vodka,Vodka,
Maine Alchemy Gin,Gin,
Maine Sprigge Barrel Rested Gin,Gin,
Maker's Mark Bourbon,Bourbon,
Maker's Mark Bourbon Whisky,Bourbon,
Maker's Mark Cask Bourbon,Bourbon,
Maker's Mark Kentucky Straight Bourbon,Bourbon,
Maker's Mark Kentucky Straight Bourbon Whisky,Bourbon,
Makoto Single Grain 23 Year Old Japanese Whisky,Whisky,
Malfy Arancia Blood Orange Gin,Gin,
Malfy Italian Gin Rosa,Gin,
Malfy Originale Gin,Gin,
Malibu Coconut Rum,Rum,
Malibu Lime,Rum,
Malibu Orange Float Rum,Rum,
Malibu Pineapple,Rum,
Malibu Rum Coconut,Rum,
Malibu Strawberry,Rum,
Malibu Tropical Banana Rum,Rum,
Mamitas Lime Tequila Soda,Tequila,
Mamitas Tequila & Soda Variety Pack,Tequila,
Mango Liqueur,Liqueur,
Manncave Black Raspberry Infused Vodka,Vodka,
Manncave Gin Black Raspberry,Gin,
Manncave Vodka,Vodka,
Maraschino Liqueur,Liqueur,
Marca Negra Espadin Mezcal,Mezcal,
Margaritaville Gold Tequila,Tequila,
Mars Komagatake LE 2019 Single Malt Whisky,Whisky,
Mars Shinshu Distillery Iwai 45 Whisky,Whisky,
Marti Autentico Plata Rum,Rum,
Marti Autentico Rum Dorado,Rum,
Martin Miller Westbourne Strength Gin,Gin,
Martin Miller's Regular Gin,Gin,
Martini and Rossi Extra Dry Vermouth,Vermouth,
Martini and Rossi Sweet Vermouth,Vermouth,
Masterson's 10,Whiskey,
Masterson's 10 Years Rye Whiskey,Whiskey,
"Matsui ""Kurayoshi"" Pure Malt Japanese Whisky",Whisky,
Matsui The Kurayoshi 25 Year Old Pure Malt Japanese Whisky,Whisky,
Matsui The Peated Single Malt Japanese Whisky,Whisky,
McCormick Vodka,Vodka,
Merrys White Chocolate Liqueur,Liqueur,
Mezcal Gracias a Dios Tepextate,Mezcal,
Mezcal Zunte Joven Espadin,Mezcal,
Michter's 10 Years Single Barrel Bourbon,Bourbon,
Michter's US1 Single Barrel Straight Rye,Rye,
Middle West OYO Dark Pumpernickel Rye Whiskey,Whiskey,
Midnight Moon Apple,Whiskey,
Midori Melon Liqueur,Liqueur,
Milagro Anejo Tequila,Tequila,
Milagro Select Barrel Silver Tequila,Tequila,
Milagro Tequila Silver,Tequila,
Mocambo Revolver 10 Anos Anejo Tequila,Tequila,
Molly's Irish Cream,Liqueur,
Monkey 47 Schwarzwald Gin,Gin,
Monkey In Paradise Vodka,Vodka,
Monkey Shoulder Blended Scotch Whisky,Scotch,
Monkey Shoulder Whisky,Scotch,
Monte Alban Mezcal Con Gusano,Mezcal,
Montelobos Joven Mezcal,Mezcal,
Moon Mountain Coastal Citrus,Other,
Mortlach 15 Years Game of Thrones Series Six Kingdoms,Scotch,
Mount Gay Rum Eclipse,Rum,
Mount Gay XO Extra Old,Rum,
Mt. Defiance Dark Rum,Rum,
Muskmelon Liqueur,Liqueur,
Myers's Platinum White Rum,Rum,
Naked Grouse Blended Malt Scotch Whisky,Scotch,
Nantou Omar Single Malt Bourbon Cask,Bourbon,
Nantou Omar Single Malt Sherry Cask,Whisky,
Nemiroff Honey Pepper Flavor,Vodka,
Nemiroff Rye Honey Vodka,Vodka,
Nemiroff Wheat Vodka,Vodka,
Neversink Gin,Gin,
Neversink Spirits Bourbon Whiskey,Whiskey,
New Amsterdam Apple Flavored Vodka,Vodka,
New Amsterdam Apple Vodka,Vodka,
New Amsterdam Citron Vodka,Vodka,
New Amsterdam Coconut Vodka,Vodka,
New Amsterdam Gin,Gin,
New Amsterdam Gluten Free Vodka,Vodka,
New Amsterdam Grapefruit Vodka,Vodka,
New Amsterdam London Dry Gin,Gin,
New Amsterdam Mango,Vodka,
New Amsterdam Mango Vodka,Vodka,
New Amsterdam Orange Vodka,Vodka,
New Amsterdam Peach Vodka,Vodka,
New Amsterdam Pineapple Vodka,Vodka,
New Amsterdam Pink Whitney,Vodka,
New Amsterdam Pink Whitney Vodka,Vodka,
New Amsterdam Raspberry Flavored Vodka,Vodka,
New Amsterdam Red Berry,Vodka,
New Amsterdam Red Berry Vodka,Vodka,
New Amsterdam Regular Vodka,Vodka,
New Amsterdam Stratusphere London Dry Gin,Gin,
New Amsterdam Vodka,Vodka,
New Amsterdam Vodka 100 Proof,Vodka,
New Amsterdam Watermelon,Vodka,
New Amsterdam Watermelon Vodka,Vodka,
New Holland Beer Barrel Bourbon Whiskey,Whiskey,
New Holland Knickerbocker Gin,Gin,
New Liberty Distillery Dutch Malt Whiskey,Whiskey,
New Liberty Distillery Melky Miller 8 Year Old American Whiskey,Whiskey,
New Riff Bottled,Bourbon,
New Riff Distilling Kentucky Straight Rye Whiskey Bottled in Bond,Whiskey,
New Riff Single Barrel Bourbon Whiskey,Whiskey,
New York Distilling Company Ragtime Rye Bottled in Bond Whiskey,Whiskey,
New York Mister Katz's Rock and Rye Whiskey,Whiskey,
Newport Craft Gin,Gin,
Newport Craft Thomas Tew Reserve Rum,Rum,
Nikka Coffey Grain Whisky,Whisky,
Nikka Coffey Vodka,Vodka,
Nikka Miyagikyo Single Malt,Whisky,
Nikka Yoichi Single Malt,Whisky,
No. 209 Gin,Gin,
No. 3 London Dry Gin,Gin,
Noble Cask Handcrafted Vodka,Vodka,
Noble Oak Double Oak Bourbon,Bourbon,
Noble Oak Double Oak Rye,Rye,
Nolet's Gold The Reserve Gin,Gin,
Nolet's Silver Dry Gin,Gin,
Nomad Outland Whisky,Whisky,
Nooku Bourbon Cream,Bourbon,
Noteworthy Sherry Stave Aged Bourbon Whiskey,Whiskey,
Nue Peach Vodka,Vodka,
Nuestra Soledad San Baltazar Mezcal,Mezcal,
Oax Original Arroqueno Tequila,Gin,
Oax Tepeztate Original Mezcal,Gin,
Oax Tobala Original Mezcal,Gin,
Oban 14 Years Distillers Edition 2006,Scotch,
Oban Distillers Edition Single Malt Scotch,Scotch,
Oban Game of Thrones The Night's Watch,Scotch,
Ocean Vodka Maui,Vodka,
Ocho Rum,Rum,
Ocucaje Pisco Quebranta,Other,
Odesse Gin,Gin,
Of Bonollo Amaro,Amaro,
Of Bonollo Grappa Amarone,Grappa,
Ohishi 8 Year Ex Sherry Cask Whisky,Whisky,
Ohishi Whisky Sakura Cask,Whisky,
Ohishi Whisky Tokubetsu Reserve,Whisky,
Ol' Major Bacon Bourbon Whiskey,Whiskey,
Old Bardstown Estate 101 Proof,Bourbon,
Old Bardstown Estate 90 Proof,Bourbon,
Old Camp Peach Pecan Whiskey,Whiskey,
Old Crow Kentucky Straight Bourbon Whiskey,Whiskey,
Old Elk Sour Mash Reserve Bourbon Whiskey,Whiskey,
Old Elk Wheated Bourbon Whiskey,Whiskey,
Old Fitzgerald 14 Years Old,Bourbon,
Old Fitzgerald Bottled in Bond Fall Edition,Bourbon,
Old Fitzgerald Bottled in Bond Kentucky Straight Bourbon Whiskey,Whiskey,
Old Forester 10 Year Old Bourbon,Bourbon,
Old Forester 100 Proof Bourbon,Bourbon,
Old Forester 100 Proof Kentucky Straight Bourbon Whisky,Bourbon,
Old Forester 1870 Original Batch,Gin,
Old Forester 1897 Row Series Kentucky Straight Bourbon,Bourbon,
Old Forester 1910 Old Fine Whisky,Bourbon,
Old Forester 86 Proof Bourbon,Bourbon,
Old Forester 86 Proof Straight Bourbon,Bourbon,
Old Forester Bourbon,Bourbon,
Old Forester Bourbon Whiskey,Whiskey,
Old Forester Rye 100 Proof,Bourbon,
Old Forester Statesman Bourbon,Bourbon,
Old Grand Dad 100 Proof,Bourbon,
Old Grand Dad 80 Proof,Bourbon,
Old Line Single Malt Whiskey,Whiskey,
Old Medley 12 Years Aged Bourbon,Bourbon,
Old No 7 Tennessee Whiskey,Whiskey,
Old No. 7 Tennessee Whiskey,Whiskey,
Old Overholt Bonded Rye Whiskey,Whiskey,
Old Overholt Straight Rye Whiskey,Whiskey,
Old Pogue Five Fathers Pure Rye Malt,Rye,
Old Pulteney 17 Years,Scotch,
Old Pulteney 25 Years,Scotch,
Old Pulteney 35 Years,Scotch,
Old Pulteney Navigator,Scotch,
Old Smuggler Scotch Whiskey,Scotch,
Old Tub Unfiltered Straight Bourbon Whiskey,Whiskey,
Ole Smoky Blackberry,Whiskey,
Ole Smoky Blackberry Moonshine,Whiskey,
Ole Smoky Blue Flame Moonshine,Whiskey,
Ole Smoky Butter Pecan Moonshine,Whiskey,
Ole Smoky Cinnamon Whiskey,Whiskey,
Ole Smoky Mango Habanero Whiskey,Whiskey,
Ole Smoky Moonshine Chocolate Cherries,Whiskey,
Ole Smoky Moonshine Hunch Punch,Whiskey,
Ole Smoky Moonshine White Lightning,Whiskey,
Ole Smoky Orange Moonshine,Whiskey,
Ole Smoky Peach Whiskey,Whiskey,
Ole Smoky Salty Caramel Whiskey,Whiskey,
Ole Smoky Salty Watermelon Whiskey,Whiskey,
Ole Smoky Strawberry Mango Margarita Moonshine,Whiskey,
Ole Smoky White Lightning Moonshine,Whiskey,
Olmeca Altos Plata Tequila,Tequila,
Olmeca Altos Reposado Tequila,Tequila,
Olmeca Altos Tequila Anejo,Tequila,
Oloroso Dry Sherry Wine,Wine,
Onda Sparkling Grapefruit Tequila,Tequila,
Onda Sparkling Tequila Lime,Tequila,
Onda Sparkling Tequila Watermelon,Tequila,
Onda Tequila Grapefruit Sparkling,Tequila,
One Eight Distilling District Made Vodka,Vodka,
One Eight Distilling Ivy City Barrel Rested Gin,Gin,
One Eight Distilling Rock Creek Bourbon,Bourbon,
One Eight Distilling Rock Creek Rye Whisky,Whisky,
One Eight Distilling Untitled No 13 Whiskey,Whiskey,
Opthimus 25 Years Old Oporto Finish Rum,Rum,
Opthimus 25 Years Old Whiskey Finish Rum,Rum,
Opthimus Regular 18 Years Old Rum,Rum,
Opthimus Regular 21 Years Old Rum,Rum,
Orange Bitters,Bitters,
Orange Curacao,Liqueur,
Orange Liqueur,Liqueur,
Or-G Liqueur,Liqueur,
Organic Bittersweet Liqueur,Liqueur,
Original Dry French Vermouth,Gin,
Original Vodka,Gin,
Orphan Barrel Forager's Keep 26 Year Old,Scotch,
Orphan Barrel Muckety,Scotch,
Orphan Barrel Old Blowhard 26 Year Old,Scotch,
Orphan Barrel Rhetoric 24 Year Old Bourbon Whiskey,Whiskey,
Osishi Sherry Single Cask Whisky,Whisky,
Owney's Small Batch Rum,Rum,
Ozone Blood Orange Vodka,Vodka,
Quarter Horse Kentucky Rye Whiskey,Whiskey,
Quarter Horse Kentucky Straight Bourbon Whiskey,Whiskey,
Quarter Horse Reserve Kentucky Straight Bourbon Whiskey,Whiskey,
Rabarbo Amaro,Amaro,
Rabbit Hole Bespoke Barrel Finished Gin,Gin,
Rabbit Hole Cavehill Kentucky Straight Bourbon Whiskey,Whiskey,
Rabbit Hole High Rye Bourbon,Bourbon,
Rabbit Hole Mizunara 15 Years Old Founder's Collection Kentucky Straight Bourbon Whiskey,Whiskey,
Ragged Branch Rye Bourbon,Bourbon,
Ragtime Rye Applejack Barrel Finish Straight Rye Whiskey,Whiskey,
Rampur PX Sherry Finish Indian Single Malt Whisky,Whisky,
Rams Point Peanut Butter Whiskey,Whiskey,
Rancho Tepua Bacanora Mezcal,Mezcal,
Ransom Dry Gin,Gin,
Ransom Old Tom Gin,Gin,
Rebel Yell 10 Years Single Barrel Bourbon,Bourbon,
Rebel Yell 100 Proof Bourbon,Bourbon,
Rebel Yell Bourbon,Bourbon,
Rebellion Bourbon,Bourbon,
Rebellion Rye,Rye,
Red Berry Flavored Vodka,Vodka,
Red Burgundy Wine,Wine,
Red Eye Louie's Rumquila Rum and Tequila,Rum,
Red Vodka,Vodka,
Redbreast 12 Year Cask Strength,Whiskey,
Redbreast 12 Year Old Single Pot Still Irish Whiskey,Whiskey,
Redemption 10 Years High Rye Barrel Proof Bourbon,Bourbon,
Redemption 9 Years Barrel Proof Bourbon,Bourbon,
Redemption B10 Year Barrel Proof Rye,Rye,
Redemption Barrel Proof Rye Whiskey,Whiskey,
Redemption Plantation Rum Cask Rye,Rum,
Redemption Rye,Rye,
Redemption The Ancients 18 Years Barrel Proof Rye,Rye,
Redemption White Rye,Rye,
Redwood Empire Emerald Giant Rye Whiskey,Whiskey,
Redwood Empire Lost Monarch Blend,Bourbon,
Reposado,Tequila,
Reposado Tequila,Tequila,
Reservoir Rye Whiskey,Whiskey,
Resilient 14 Years Aged Bourbon,Bourbon,
Resurgent Custom Cask Bourbon,Bourbon,
Resurgent Young American Bourbon,Bourbon,
Revel Avila Reposado Tequila,Tequila,
Revolucion Reposado Tequila,Tequila,
Rey Campero Espadin Mezcal,Mezcal,
Rey Campero Madre Cuishe Mezcal,Mezcal,
Reyka Vodka,Vodka,
Rhubarb Amaro,Amaro,
Rhum Barbancourt 15 Year Old Rum,Rum,
Rhum Barbancourt Pango Rum,Rum,
Rhum Clement VSOP,Rum,
Riesling Sparkling Wine,Wine,
Right Gin,Gin,
Riserva Speciale Ambrato Italian Vermouth,Vermouth,
Roca Patron Tequila Reposado,Tequila,
Rock Hill Farms Single Barrel Bourbon,Bourbon,
Rock Rose Navy Strength Gin,Gin,
Rock Town Arkansas Bourbon,Bourbon,
Rock Town Arkansas Rye,Rye,
Rock Town Basil Flavored Vodka,Vodka,
Ron Abuelo 7 Year Old Anejo Rum,Rum,
Ron Abuelo Anejo Rum,Rum,
Ron Abuelo Centuria Rum,Rum,
Ron Abuelo XV Anejo Anos Tawny Porto Finish Rum,Rum,
Ron Barcelo Anejo Rum,Rum,
Ron Barcelo Gran Anejo Dark Rum,Rum,
Ron Barcelo Imperial Rum,Rum,
Ron Centenario 7 Year Anejo Especial Rum,Rum,
Ron Centenario Fundacion 20yr Rum,Rum,
Ron de Barralito 3 Star Puerto Rican Rum,Rum,
Ron Izalco 15 Year Old Rum,Rum,
Ron Izalco Rum 10 Yrs Gran Reserva Rum,Rum,
Ron Matusalem Gran Reserva 15 Year Old Rum,Rum,
Ron Medellin Anejo 3 Year Old Rum,Rum,
Ron Pontalba White Rum,Rum,
Ron Viejo de Caldas 3 Years Aguardiente,Rum,
Ron Viejo de Caldas 8 Year Old Rum,Rum,
Ron Zacapa 23 Years Old,Rum,
Ron Zacapa Centenario Edicion Negra Solera Gran Reserva Rum,Rum,
Ron Zacapa Rum,Rum,
Ronrico Silver Label Rum,Rum,
Rooster Rojo Tequila Blanco,Tequila,
Rose Gin,Gin,
Rose Petal Liqueur Rosolio,Liqueur,
Rose Wine,Wine,
Rossville Union Master Crafted Barrel Proof Rye,Rye,
Rough Rider Bull Moose Three Barrel Rye,Rye,
Rough Rider The Big Stick CS Rye,Rye,
Rough Rider The Happy Warrior Bourbon,Bourbon,
Royal Challenge,Whiskey,
Royal Emblem Coconut Vodka,Vodka,
Rubinoff Peach Vodka,Vodka,
Rubinoff Vodka,Vodka,
Ruby Port Wine,Wine,
Rum Clement Vieux XO Rum,Rum,
Rum Orange Liqueur Blend,Rum,
RumChata Cream Liqueur,Rum,
RumChata Horchata Rum Liqueur,Rum,
RumHaven Coconut Caribbean Rum,Rum,
Rumple Minze Peppermint Schnapps,Rum,
Russell's Reserve 6 Year Old Rye,Bourbon,
Russell's Reserve 6 Years Old Kentucky Straight Rye,Bourbon,
Russian Standard Regular,Vodka,
Rye Whiskey,Whiskey,
Sagamore Spirit Barrel Select Straight Rye Whiskey,Whiskey,
Sagamore Spirit Cask Strength Straight Rye Whiskey,Whiskey,
Sagamore Spirit Distiller's Select Tequila Finish Rye Whiskey,Whiskey,
Sagamore Spirit Double Oak Straight Rye Whiskey,Whiskey,
Sagamore Spirit Straight Rye Whiskey,Whiskey,
Sagamore Spirits Manhattan Finish Rye Whiskey,Whiskey,
Sailor Jerry Spiced Navy,Rum,
Sailor Jerry Spiced Rum,Rum,
Saint Lucia Distillers Chairman's Reserve Spiced Rum,Rum,
Salcombe Gin Rosé Saint Marie,Gin,
Sambuca,Liqueur,
Santa Teresa Claro Anejo Rum,Rum,
Santa Teresa Gran Reserva Anejo Rum,Rum,
Sauza 100 Anos Reposado Tequila,Tequila,
Sauza Hornitos Plata Tequila,Tequila,
Sauza Silver Tequila,Tequila,
Sauza Tres Generaciones Anejo,Tequila,
Sauza Tres Generaciones Plata Silver,Tequila,
Sauza Tres Generaciones Reposado,Tequila,
Scapa Skiren Scotch,Scotch,
Scapegrace Gin Classic,Gin,
Scapegrace Gin Gold,Gin,
Scoresby Very Rare Blended Scotch,Scotch,
Scorpion Mezcal Reposado Tequila,Tequila,
Scorpion Mezcal Silver,Mezcal,
Se Busca Joven Mezcal,Mezcal,
Seagram's 7 Crown Blended Whiskey,Whiskey,
Seagram's Extra Dry Gin,Gin,
Seagram's Lime Twisted Gin,Gin,
Seagrams Platinum Vodka,Vodka,
Seagrams VO Whiskey,Whiskey,
Second Glance American Whiskey,Whiskey,
Select Club Southern Peach Cream Whisky,Whiskey,
Selvarey Cacao Dark Rum,Rum,
Senorita Silver Tequila,Tequila,
Senorita Tequila Gold,Tequila,
Sheep Dog Peanut Butter Whiskey,Whiskey,
Siempre Anejo Tequila,Tequila,
Sierra Norte Single Barrel Black Corn Whiskey,Whiskey,
Signatory Vintage Cask Strength Collection Fettercairn 30 Year Old Single Malt Scotch Whisky,Scotch,
Silent Pool Gin,Gin,
Silver Tequila Blanco,Tequila,
Single Malt Scotch Whisky,Scotch,
Single Malt Scotch Whisky 12 Year Old,Scotch,
Single Malt Scotch Whisky 13 Year Old,Scotch,
Single Malt Scotch Whisky 17 Year Old,Scotch,
Single Malt Scotch Whisky 18 Year Old,Scotch,
Single Malt Scotch Whisky 21 Year Old,Scotch,
Single Malt Scotch Whisky 24 Year Old,Scotch,
Single Malt Scotch Whisky 30 Year Old,Scotch,
Sipsmith Lemon Drizzle Gin,Gin,
Skinnygirl Bare Naked Vodka,Vodka,
Skrewball Peanut Butter Whiskey,Whiskey,
Skyy Bartlett Pear Vodka,Vodka,
Skyy Infusion Blood Orange,Vodka,
Skyy Infusion Citrus,Vodka,
Skyy Infusions Wild Strawberry Vodka,Vodka,
Skyy Vodka,Vodka,
Slane Irish Whiskey,Whiskey,
Smirnoff Blueberry Twist Vodka,Vodka,
Smirnoff Citrus,Vodka,
Smirnoff Citrus Vodka,Vodka,
Smirnoff Coconut,Vodka,
Smirnoff Green Apple,Vodka,
Smirnoff Kissed Caramel Flavored Vodka,Vodka,
Smirnoff Lime Vodka,Vodka,
Smirnoff Orange Twist,Vodka,
Smirnoff Orange Twist Vodka,Vodka,
Smirnoff Peach,Vodka,
Smirnoff Raspberry,Vodka,
Smirnoff Red White & Berry,Vodka,
Smirnoff Regular,Vodka,
Smirnoff Strawberry,Vodka,
Smirnoff Strawberry Twist Vodka,Vodka,
Smirnoff Vanilla Vodka,Vodka,
Smirnoff Vodka,Vodka,
Smirnoff Zero Cucumber Lime Vodka,Vodka,
Smirnoff Zero Strawberry Rose Vodka,Vodka,
Smirnoff Zero Sugar Lemon & Elderflower,Vodka,
Smirnoff Zero Watermelon Mint Vodka,Vodka,
Smith & Cross Traditional Navy Strength Rum,Rum,
Smoke Wagon Small Batch Straight Bourbon Whiskey,Whiskey,
Smooth Ambler Big Level Wheated Bourbon,Bourbon,
Smooth Ambler Contradiction Bourbon,Bourbon,
Smooth Ambler Old Scout American Whiskey,Whiskey,
Smooth Ambler Old Scout American Whiskey Barmysdc Cask 9766,Whiskey,
Smooth Ambler Old Scout Single Barrel Rye Whiskey,Whiskey,
Sobieski Polish Vodka,Vodka,
Sobieski Vodka,Vodka,
Sobieski Vodka 80,Vodka,
Solento Organic Blanco Tequila,Tequila,
Solento Organic Tequila Reposado,Tequila,
Sono 1420 Bangtail Navy Strength Gin,Gin,
Sono 1420 Blood Orange Vodka,Vodka,
Sono 1420 Le Lemon Vodka,Vodka,
Sono 1420 Sindica Skysail London Dry Gin,Gin,
Sono 1420 Vo Vodka,Vodka,
Sonoma County Distilling Bourbon,Bourbon,
Soplica Quince Vodka,Vodka,
Soplica Vodka,Vodka,
South Bay Rum,Rum,
Southern Comfort 80 Proof,Liqueur,
Southern Comfort Liqueur,Liqueur,
Southern Comfort Regular,Liqueur,
Southern Tier 2 Years Old Rye,Rye,
Southern Tier American Whiskey,Whiskey,
Southern Tier Black Cherry & Pomegranate Vodka Seltzer,Vodka,
Southern Tier Blood Orange & Pomelo Craft Vodka Seltzer,Vodka,
Southern Tier Mango & Peach Craft Vodka Seltzer,Vodka,
Southern Tier Straight Bourbon Whiskey,Whiskey,
Southern Tier Vodka,Vodka,
Southern Tier Watermelon & Cucumber Vodka Seltzer,Vodka,
Sparkling Wine,Wine,
Spiced Pear Flavored Vodka,Vodka,
Spiced Rum,Rum,
Spring Mill Twice Barreled Bourbon Whiskey,Whiskey,
Springbank 10,Scotch,
Springbank 12 Year Old Cask Strength Campbeltown,Scotch,
Springbank Aged 21 Years,Scotch,
Springbank Aged 25 Years,Scotch,
Springbank Green Aged 12 Years,Scotch,
Square One Organic Vodka,Vodka,
St Elmo Rum Silver,Rum,
St George Baller Single Malt Whiskey,Whiskey,
St George Botanivore Gin,Gin,
St George Breaking & Entering Whiskey,Whiskey,
St. George Green Chile Vodka,Vodka,
St. George Terroir Gin,Gin,
Starward Nova Single Malt Australian Whisky,Whisky,
Stateside Urbancraft Vodka,Vodka,
Steel Dust Handcrafted Vodka,Vodka,
Steel Dust Vodka,Vodka,
Stillhouse Apple Crisp Moonshine Whiskey,Whiskey,
Stillhouse Black Bourbon Whiskey,Whiskey,
Stillhouse Classic Vodka,Vodka,
Stillhouse Peach Tea Whiskey,Whiskey,
Stolen Smoked Rum,Rum,
Stolen x Rock and Rye Cocktail,Other,
Stoli,Vodka,
Stoli Blueberi,Vodka,
Stolichnaya Bluber! Blueberry Vodka,Vodka,
Stolichnaya Citros Citrus,Vodka,
Stolichnaya Crushed Pineapple,Vodka,
Stolichnaya Crushed Ruby Red Grapefruit,Vodka,
Stolichnaya Crushed Strawberry,Vodka,
Stolichnaya Crushed Strawberry Vodka,Vodka,
Stolichnaya Elit Vodka,Vodka,
Stolichnaya Gala Applik Gala Apple,Vodka,
Stolichnaya Gluten Free,Vodka,
Stolichnaya Lime Vodka,Vodka,
Stolichnaya Ohrang Vodka,Vodka,
Stolichnaya Razberi Raspberry,Vodka,
Stolichnaya Russian Vodka,Vodka,
Stolichnaya Vanil Vodka,Vodka,
Stolichnaya Vodka,Vodka,
Stolichnaya Vodka 80 Proof,Vodka,
Strawberry Vodka,Vodka,
Strega,Liqueur,
Stumbras Centenary Wheat Vodka,Vodka,
Sugarlands Shine Appalachian Apple Pie Moonshine Whiskey,Whiskey,
Sugarlands Shine Mark Rogers American Peach Moonshine,Whiskey,
Sunshine Reserve American Whiskey,Whiskey,
Svedka Blue Raspberry,Vodka,
Svedka Blue Raspberry Vodka,Vodka,
Svedka Cherry Flavored Vodka,Vodka,
Svedka Citron,Vodka,
Svedka Clementine Vodka,Vodka,
Svedka Cucumber Lime Vodka,Vodka,
Svedka Mango Pineapple Vodka,Vodka,
Svedka Peach Vodka,Vodka,
Svedka Regular Vodka,Vodka,
Svedka Rosé,Vodka,
Svedka Rosé Vodka,Vodka,
Sweet Vermouth,Vermouth,
Taaka Extra Dry Gin,Gin,
Taaka London Dry Gin,Gin,
Taaka Vodka,Vodka,
Taconic Distillery Double Barrel Maple Bourbon Whiskey,Whiskey,
Taconic Duchess Private Reserve Straight Bourbon Whiskey,Whiskey,
Taconic Founder's Rye Whiskey,Whiskey,
Taconic Straight Rye Whiskey Cask Strength Whiskey,Whiskey,
Talisker 10 Years Skye,Scotch,
Talisker 175 Years Skye,Scotch,
Talisker 18 Years Skye,Scotch,
Talisker 25 Years Skye,Scotch,
Talisker Distillers Edition Amoroso Cask Skye,Scotch,
Talisker Distiller's Edition Skye Single Malt Scotch,Scotch,
Talisker Gift Set 10yr,Scotch,
Talisker Storm Single Malt Scotch Whisky,Scotch,
Tamdhu 12 Year Old Speyside Single Malt Scotch,Scotch,
Tanglin Black Powder Gin,Gin,
Tanglin Orchid Gin,Gin,
Tanqueray,Gin,
Tanqueray Gin,Gin,
Tanqueray London Dry Gin,Gin,
Tanqueray Rangpur Gin,Gin,
Tanqueray Sterling Vodka,Vodka,
Tanqueray The Classic Gin & Tonic,Gin,
Tanteo Blanco Tequila,Tequila,
Tanteo Chipotle Tequila,Tequila,
Tanteo Habanero Tequila,Tequila,
Tanteo Jalapeno Tequila,Tequila,
Tanteo Tropical Infused Tequila,Tequila,
Tap 357 Maple Rye Whisky,Whisky,
Tapatio Anejo Tequila,Tequila,
Tapatio Reposado Tequila,Tequila,
Teeling Single Grain Irish Whiskey,Whiskey,
Teeling Single Malt,Whisky,
Teeling Single Malt Irish Whiskey,Whiskey,
Teeling Single Pot Still Irish Whiskey,Whiskey,
Teeling Small Batch (Infused with Cacao Tea),Whiskey,
Teeling Small Batch Rum Finished Irish Whiskey,Rum,
Teeling Small Batch Rye Irish Whiskey,Whiskey,
Ten High Bourbon,Bourbon,
Ten To One Caribbean Dark Rum,Rum,
Ten To One Caribbean White Rum,Rum,
Tenjaku Pure Malt Whisky,Whisky,
Tenjaku Whiskey Blended Whiskey,Whiskey,
Tennessee Honey Flavored Whiskey,Whiskey,
Tennessee Mud Whiskey,Whiskey,
Tennessee Whiskey,Whiskey,
Tequila Ocho Anejo,Tequila,
Tequila Ocho Continental Anejo,Tequila,
Tequila Ocho Reposado,Tequila,
Tequila Ocho Transatlantic Anejo,Tequila,
Tequila Ocho Tropical Anejo,Tequila,
Teremana Reposado Tequila,Tequila,
Teremana Tequila Blanco,Tequila,
Tesco Imperial Vodka,Vodka,
The Arran The Sauternes Cask Finish,Scotch,
The Balvenie 21 Years,Scotch,
The Balvenie 40 Year Old,Scotch,
The Balvenie Peat Week 14 Years,Scotch,
The Balvenie Single Barrel 15 Years,Scotch,
The Balvenie Single Barrel 21 Years,Scotch,
The Balvenie Tun 1509 Batch 3,Scotch,
The Balvenie Tun 1509 Batch 4,Scotch,
The Balvenie Tun 1509 Batch 5 Single Malt Scotch Whisky,Scotch,
The Balvenie Tun 1509 Batch 6,Scotch,
The Balvenie Tun 1509 Batch 7,Scotch,
The Benriach 10 Years Peated Curiositas,Scotch,
The Benriach 20 Years,Scotch,
The Benriach Sherry Wood 12 Years,Scotch,
The Benriach The Original Ten,Gin,
The Bitter Truth Pink Gin,Gin,
The Botanist Gin,Gin,
The Botanist Islay Dry Gin,Gin,
The Burning Chair Bourbon,Bourbon,
The Busker Irish Whiskey,Whiskey,
The Busker Single Pot Still Irish Whiskey,Whiskey,
The Christian Brothers VS Brandy,Brandy,
The Classic Cask 40 Years Old,Scotch,
The Classic Cask Bunnahabhain 18 Years Old,Scotch,
The Classic Malt Coastal Collection Gift Set 3 Pack,Scotch,
The Classic Malt Strong Collection,Scotch,
The Club Margarita Pouch,Other,
The Dalmore 35 Years Highland Whisky,Scotch,
The Dalmore Cigar Malt Reserve Highland Whisky,Whisky,
The Dalmore King Alexander,Scotch,
The Dalmore Port Wood Highland Whisky,Scotch,
The Exclusive Malts Speyside 10 Year Old Single Malt Scotch Whiskey,Scotch,
The Exclusive Regions Peated Highland Ardmore Aged Over 8 Years,Scotch,
The Exclusive Regions Single Grain Scotch Port Dundas Whisky Aged Over 12 Years,Scotch,
The Exclusive Regions Speyside 8 Year Old Single Malt Scotch Whiskey,Scotch,
The Exclusive Regions Speyside Single Malt Scotch Whisky,Scotch,
The Famous Grouse Bourbon Cask,Bourbon,
The Fukano 10 Year Whisky Japan,Whisky,
The Glenallachie Aged 12 Years,Scotch,
The Glendronach Aged 12 Years Highland Whisky,Scotch,
The Glendronach Aged 25 Years Highland Whisky 1993,Scotch,
The Glendronach Aged 33 Years Highland Whisky,Scotch,
The Glendronach Batch 2 Cask Strength Highland Whisky,Scotch,
The Glenlivet 12 Years Whisky,Scotch,
The Glenlivet 14 Years Cognac Cask Whisky,Scotch,
The Glenlivet American Oak Finish 12 Years Old Single Malt Whisky,Whisky,
The Glenlivet Archive 21 Years Whisky,Scotch,
The Glenlivet Enigma Single Malt Scotch,Scotch,
The Glenlivet Nadurra Oloroso Cask Whisky,Scotch,
The Glenlivet Nadurra Peated Cask Whisky,Scotch,
The Glenrothes 12 Years,Scotch,
The Glenrothes Maker's Cut Single Malt Scotch Whiskey,Scotch,
The Glenrothes Peated Cask Reserve,Scotch,
The Irishman Founder's Reserve Whiskey,Whiskey,
The Irishman Single Malt Irish Whiskey,Whiskey,
The Justice 14 Years Aged Bourbon,Bourbon,
The Kurayoshi Tottori 23 Years Japanese Whisky,Whisky,
The Macallan 30 Years Blue Label Sherry Oak,Scotch,
The Macallan Classic Cut 2018 Edition,Scotch,
The Macallan Classic Cut 2019 Edition,Scotch,
The Macallan Double Cask 12 Years,Scotch,
The Macallan Double Cask 15 Years Old,Scotch,
The Macallan Double Cask 18 Years Old,Scotch,
The Macallan Double Cask Gold,Scotch,
The Macallan Edition No. 3,Scotch,
The Macallan Edition No. 4,Scotch,
The Macallan Edition No. 5,Scotch,
The Macallan Exceptional Single Cask 21156,Scotch,
The Macallan Exceptional Single Cask 6513,Scotch,
The Macallan Exceptional Single Cask 9064,Scotch,
The Macallan M Black,Scotch,
The Macallan No. 6,Scotch,
The Macallan Rare Cask,Scotch,
The Macallan Reflexion,Scotch,
The Macallan Sherry Oak 12 Years Old,Scotch,
The Macallan Sherry Oak 30 Years Old,Scotch,
The Macallan Triple Cask Matured 12 Years Old,Scotch,
The Macallan Triple Cask Matured 15 Years Old,Scotch,
The Pogues Irish Whiskey,Whiskey,
The Quiet Man Single Malt Irish Whiskey 8 Year Old,Whiskey,
The Real McCoy 12 Year Old Rum,Rum,
The Real McCoy 12yr Old Prohibition Tradition Rum,Rum,
The Representative 4 Year Old Barrel Proof Straight Bourbon Whiskey,Whiskey,
The Revivalist Botanical Gin Equinox Expression,Gin,
The Senator Barrel Proof 6 Year Rye Whiskey,Whiskey,
The Sexton Single Malt Irish Whiskey,Whiskey,
The Shinobu 15 Years Old Pure Malt Whisky Mizunara,Whisky,
The Singleton 15 Years Whisky,Scotch,
The Singleton Game of Thrones House Tully,Scotch,
The Street Pumas Blended Scotch Whisky,Scotch,
The Tyrconnell Single Malt Irish Whiskey,Whiskey,
The Whistler Double Oaked 5 Year Old Single Malt Irish Whiskey,Whiskey,
The Whistler Honey Irish Whiskey,Whiskey,
The Wiseman Kentucky Owl Straight Rye Whiskey,Whiskey,
Thomas S. Moore Bourbon Port Cask,Bourbon,
Thomas S. Moore Cabernet Sauvignon Cask Finish Kentucky Straight Bourbon Whiskey,Whiskey,
Three Bridges Botanical Gin,Gin,
Three Chord Blended Small Batch Bourbon Whiskey,Whiskey,
Three Olives Cake Vodka,Vodka,
Three Olives Cherry Vodka,Vodka,
Three Olives Mango Vodka,Vodka,
Three Olives Marlyn Manroe Strawberry,Vodka,
Three Olives Smores,Vodka,
Three Olives Super Cola,Vodka,
Three Olives Vodka,Vodka,
Tim Smith Climax Fire No. 32 Moonshine,Whiskey,
Tim Smith's Climax Wood Fired Whiskey,Whiskey,
Tincup American Whiskey,Whiskey,
Tincup Rye Whiskey,Whiskey,
Tipperary Boutique Distillery Watershed Single Malt Irish Whiskey,Whiskey,
Tito's Handmade Vodka,Vodka,
Tito's Vodka,Vodka,
Tobermory 12 Year Old Single Malt Whisky,Whisky,
Tobermory 21 Year Old Scotch Whisky,Scotch,
Tomatin 18 Year Old Sherry Cask Whisky,Scotch,
Tomintoul 10 Years Speyside,Scotch,
Tomintoul 12 Year Oloroso Sherry Cask Finish,Scotch,
Torada Gold Tequila,Tequila,
Torada Silver Tequila,Tequila,
Torani Coffee Liqueur,Liqueur,
Town Branch Bourbon,Bourbon,
Town Branch Bourbon Whiskey,Whiskey,
Tragos Amargos Anejo Tequila,Tequila,
Trails End Bourbon,Bourbon,
Traverse City Cherry Bourbon Whiskey,Whiskey,
Traverse City Straight Bourbon Whiskey,Whiskey,
Tres Agave Reposado Organic Tequila,Tequila,
Triple Eight Blueberry Vodka,Vodka,
Triple Eight Cranberry Vodka,Vodka,
Triple Eight Distillery Orange Vodka,Vodka,
Triple Eight Vodka,Vodka,
Triple Sec,Liqueur,
Tromba Blanco Tequila,Tequila,
Tropic Isle Palms Coconut Rum,Rum,
Tropic Isle Palms White Rum,Rum,
Tulchan Gin,Gin,
Tullamore D.E.W. Irish Whiskey,Whiskey,
Tullamore Dew 12 Years Special Release,Whiskey,
Tullamore Dew 15 Years Small Batch,Whiskey,
Tullamore Dew 18 Years Single Malt,Whiskey,
Tullamore Dew Ceramic Jar,Whiskey,
Tullamore Dew Irish Whiskey,Whiskey,
Turowka Herbal Vodka,Vodka,
Turquoise Bay Amber Rum,Rum,
Twenty Grand Gold Vodka Cognac,Vodka,
Twenty Grand Peach Vodka,Vodka,
Twenty Grand Vodka Infused with Cognac,Vodka,
Two James Catcher's Rye Authentic Straight Whiskey,Whiskey,
Two James Johnny Smoking Gun Badlands Whiskey,Whiskey,
Two James Rye Dog White Whiskey,Whiskey,
Ultimat Vodka,Vodka,
Ultimat Vodka Regular,Vodka,
Uncle Nearest 1856 Premium Tennessee Whiskey,Whiskey,
Uncle Nearest 1884 Small Batch Whiskey,Whiskey,
Uncle Val's Botanical Gin,Gin,
Uncle Val's Peppered Gin,Gin,
Uncle Val's Restorative Gin,Gin,
Union Mezcal Uno Joven,Mezcal,
Untitled Whiskey No. 11,Whiskey,
Untitled Whiskey No. 13,Whiskey,
Ursus Blue Raspberry,Vodka,
UV Blue Bombsicle Vodka,Vodka,
UV Vodka,Vodka,
Vanilla Liqueur,Liqueur,
Vanilla Vodka,Vodka,
Vickers Vodka,Vodka,
Victor George Vodka,Vodka,
Vincent Van Gogh Dutch Caramel Vodka,Vodka,
Vodka - Chocolate Liqueur Blend,Vodka,
Vodka Based Spirit,Vodka,
Vodka Based Spirit - VX,Vodka,
Wajos Limited Edition Christmas Gin,Gin,
Wasmunds Single Malt Spirit,Whiskey,
Wathens Single Barrel Bourbon,Bourbon,
Weller 12yr Bourbon Whiskey,Whiskey,
Weller Full Proof Bourbon,Bourbon,
Western Son Original Vodka,Gin,
Western Son Prickly Pear Vodka,Vodka,
Wheat Penny 1958 Bourbon Whiskey,Whiskey,
Wheatley Vodka,Vodka,
Whiskey,Whiskey,
Whiskey Liqueur,Whiskey,
Whiskey Salty Caramel,Whiskey,
Whiskey Salty Watermelon,Whiskey,
Whiskey Sour,Whiskey,
Whisky Based Spirit - Super Spiced,Whisky,
Whistle Pig 12 Years Old World Married Casks,Rye,
Whistle Pig Farm Stock Rye Crop No. 003,Rye,
Whistlepig 10 Year Old Straight Rye Whiskey,Whiskey,
Whistlepig 10 Year Straight Rye Whiskey,Whiskey,
Whistlepig Farmstock Bourbon Beyond Bonded Whiskey,Whiskey,
Whistlepig Piggyback Rye Whiskey,Whiskey,
Whistlepig Road Stock Rye Whiskey,Whiskey,
Whistlepig The Boss Hog Rye Whiskey,Whiskey,
White Cacao Liqueur,Liqueur,
White Chocolate Liqueur,Liqueur,
White Crème de Cacao Liqueur,Liqueur,
White Horse Blended Scotch Whisky,Scotch,
White Oak Akashi Single Malt Japanese Whisky,Whisky,
White Rum,Rum,
White Wine,Wine,
Whitley Neill Blood Orange Gin,Gin,
Whitley Neill London Dry Gin,Gin,
Whitley Neill Quince Gin,Gin,
Whitley Neill Rhubarb & Ginger Gin,Gin,
Widow Jane Decadence Bourbon,Bourbon,
Widow Jane Rye Mash Apple Wood,Rye,
Wigle Dark Roast Malt Whiskey,Whiskey,
Wigle Deep Cut Blue Label Rye Whiskey,Whiskey,
Wigle Pennsylvania Bourbon,Bourbon,
Wigle's Ginever Gin,Gin,
Wild Turkey Longbranch Bourbon,Bourbon,
Wild Turkey Rare Breed Barrel Proof Bourbon,Bourbon,
Wild Turkey Rare Breed Rye Whiskey,Whiskey,
Wild Turkey Rye 101,Rye,
Willett Pot Still Bourbon,Bourbon,
Willett Single Barrel Bourbon,Bourbon,
Willett Still Reserve Single Barrel,Bourbon,
Willett Straight Rye Whiskey,Whiskey,
William Wolf Apple Whiskey,Whiskey,
William Wolf Coffee Whiskey,Whiskey,
William Wolf Small Batch Rye,Rye,
Williams Elegant 48 Gin,Gin,
Wine,Wine,
Wolffer Estate Pink Gin,Gin,
Wolffer Pink Gin,Gin,
Woodford Reserve,Bourbon,
Woodford Reserve Double Oak Whiskey,Whiskey,
Woodford Reserve Master's Collection 2018,Bourbon,
Woodinville Port Finish Bourbon,Bourbon,
Wray & Nephew White Overproof Rum,Rum,
Writer's Tears Double Oak Irish Whiskey,Whiskey,
Wyoming Whiskey Small Batch Bourbon,Whiskey,
XDAR Wheat Vodka,Vodka,
Xicala Mezcal Joven,Mezcal,
Xicaru Anejo Mezcal,Mezcal,
X-Rated Fusion Liqueur,Liqueur,
Yame Eight Goddesses 10 Year Whisky,Whisky,
Yave Tequila Blanco,Tequila,
Yave Tequila Jalapeno,Tequila,
Yave Tequila Mango,Tequila,
Yave Tequila Reposado,Tequila,
Yellow Rose Blended Whiskey,Whiskey,
Yellow Rose Rye Whiskey,Whiskey,
Yellow Spot Irish Whiskey 12 Yr,Whiskey,
Yellowstone 105 Proof No.3 Bourbon,Bourbon,
Yellowstone Bourbon Select Whiskey,Whiskey,
Yukon Jack Canadian Liqueur,Liqueur,
Yuu Baal Espadin Mezcal,Mezcal,
Yuzu Asian Superfruits Soju Citrus Liqueur Blend,Liqueur,
Zacapa XO Rum,Rum,
Zackariah Harris Bourbon,Bourbon,
Zafra 21yr Rum,Rum,
Zucca,Liqueur,
1.W. Harper 15,Bourbon,
123 Organic Anejo 3 Tequila,Tequila,
123 Organic Blanco 1 Tequila,Tequila,
123 Organic Diablito Extra Anejo Tequila,Tequila,
123 Organic El Luchador Tequila,Tequila,
135 East Hyogo Japanese Gin,Gin,
151 Proof Demerara Rum,Rum,
1792 Sweet Wheat Kentucky Straight Bourbon Whiskey,Whiskey,
1800 Coconut Tequila,Tequila,
1800 Milenio Extra Anejo Tequila,Tequila,
1800 Reposado Tequila,Tequila,
1800 Select Silver Tequila,Tequila,
1800 Silver Tequila,Tequila,
1800 Ultimate Peach Margarita,Tequila,
1873 Rum,Rum,
1873 Solera Rum,Rum,
1921 Anejo Tequila,Tequila,
360 Double Chocolate Flavored Vodka,Vodka,
360 Georgia Peach Vodka,Vodka,
42 Below Vodka,Vodka,
44 Degrees North Rainier Cherry Vodka,Vodka,
44 North Mountain Huckleberry Flavored Vodka,Vodka,
44° North Idaho Potato Vodka,Vodka,
45th Parallel Border Bourbon,Bourbon,
